{"count":1,"self":44.0208352,"total":44.126250999999996,"children":{"AgentSendState":{"count":132,"self":0.0032589999999999997,"total":0.0043549999999999995,"children":{"CollectObservations":{"count":27,"self":0.001041,"total":0.001041,"children":null},"CollectDiscreteActionMasks":{"count":27,"self":5.4999999999999995E-05,"total":5.4999999999999995E-05,"children":null}}},"DecideAction":{"count":132,"self":0.094566,"total":0.09761199999999999,"children":{"RayPerceptionSensor.Perceive":{"count":27,"self":0.0030459999999999997,"total":0.0030459999999999997,"children":null}}},"AgentAct":{"count":132,"self":0.0024579999999999997,"total":0.0024579999999999997,"children":null}},"gauges":{},"metadata":{"timer_format_version":"0.1.0","start_time_seconds":"1611194285","unity_version":"2019.4.12f1","command_line_arguments":"\/home\/csteed\/Unity\/Hub\/Editor\/2019.4.12f1\/Editor\/Unity -projectpath \/home\/csteed\/Documents\/Unity projects\/Collab\/New Unity Project (1) -useHub -hubIPC -cloudEnvironment production -hubSessionId 8c87ba70-5b87-11eb-824f-237150c1f720 -accessToken Av4lWkWkDRCtBj6hy67wOCvkf34T6NORsiTL8-xEnTs00df","communication_protocol_version":"1.0.0","com.unity.ml-agents_version":"1.0.5","scene_name":"Proto","end_time_seconds":"1611194329"}}