{
    "name": "root",
    "metadata": {
        "timer_format_version": "0.1.0",
        "start_time_seconds": "1603824133",
        "python_version": "3.7.9 (default, Aug 31 2020, 17:10:11) [MSC v.1916 64 bit (AMD64)]",
        "command_line_arguments": "C:\\Users\\steed\\.conda\\envs\\ml-agents\\Scripts\\mlagents-learn ./trainer_config.yaml",
        "mlagents_version": "0.21.0",
        "mlagents_envs_version": "0.21.0",
        "communication_protocol_version": "1.2.0",
        "tensorflow_version": "2.1.0",
        "numpy_version": "1.19.1",
        "end_time_seconds": "1603824285"
    },
    "total": 151.8123945,
    "count": 1,
    "self": 0.009140700000017432,
    "children": {
        "run_training.setup": {
            "total": 0.009019599999999794,
            "count": 1,
            "self": 0.009019599999999794
        },
        "TrainerController.start_learning": {
            "total": 151.7942342,
            "count": 1,
            "self": 0.21359169999945493,
            "children": {
                "TrainerController._reset_env": {
                    "total": 18.726213400000002,
                    "count": 1,
                    "self": 18.726213400000002
                },
                "TrainerController.advance": {
                    "total": 131.55637410000054,
                    "count": 2774,
                    "self": 0.0529590000006408,
                    "children": {
                        "env_step": {
                            "total": 131.5034150999999,
                            "count": 2774,
                            "self": 104.53079019999988,
                            "children": {
                                "SubprocessEnvManager._take_step": {
                                    "total": 26.923730500000296,
                                    "count": 2774,
                                    "self": 0.14650650000038823,
                                    "children": {
                                        "TFPolicy.evaluate": {
                                            "total": 26.777223999999908,
                                            "count": 2774,
                                            "self": 26.777223999999908
                                        }
                                    }
                                },
                                "workers": {
                                    "total": 0.048894399999721117,
                                    "count": 2773,
                                    "self": 0.0,
                                    "children": {
                                        "worker_root": {
                                            "total": 134.44364520000008,
                                            "count": 2773,
                                            "is_parallel": true,
                                            "self": 33.46823610000027,
                                            "children": {
                                                "steps_from_proto": {
                                                    "total": 0.00041970000000013385,
                                                    "count": 1,
                                                    "is_parallel": true,
                                                    "self": 0.0002162999999999471,
                                                    "children": {
                                                        "_process_vector_observation": {
                                                            "total": 0.00020340000000018676,
                                                            "count": 2,
                                                            "is_parallel": true,
                                                            "self": 0.00020340000000018676
                                                        }
                                                    }
                                                },
                                                "UnityEnvironment.step": {
                                                    "total": 100.97498939999981,
                                                    "count": 2773,
                                                    "is_parallel": true,
                                                    "self": 0.33749009999941393,
                                                    "children": {
                                                        "UnityEnvironment._generate_step_input": {
                                                            "total": 0.2870372999999695,
                                                            "count": 2773,
                                                            "is_parallel": true,
                                                            "self": 0.2870372999999695
                                                        },
                                                        "communicator.exchange": {
                                                            "total": 99.4334882000002,
                                                            "count": 2773,
                                                            "is_parallel": true,
                                                            "self": 99.4334882000002
                                                        },
                                                        "steps_from_proto": {
                                                            "total": 0.9169738000002425,
                                                            "count": 2773,
                                                            "is_parallel": true,
                                                            "self": 0.5392082000004699,
                                                            "children": {
                                                                "_process_vector_observation": {
                                                                    "total": 0.37776559999977266,
                                                                    "count": 5546,
                                                                    "is_parallel": true,
                                                                    "self": 0.37776559999977266
                                                                }
                                                            }
                                                        }
                                                    }
                                                }
                                            }
                                        }
                                    }
                                }
                            }
                        }
                    }
                },
                "trainer_threads": {
                    "total": 2.470000001153494e-05,
                    "count": 1,
                    "self": 2.470000001153494e-05,
                    "children": {
                        "thread_root": {
                            "total": 0.0,
                            "count": 0,
                            "is_parallel": true,
                            "self": 0.0,
                            "children": {
                                "trainer_advance": {
                                    "total": 130.06216539999704,
                                    "count": 61768,
                                    "is_parallel": true,
                                    "self": 3.218653399996853,
                                    "children": {
                                        "process_trajectory": {
                                            "total": 126.84351200000019,